url,type
www.google.com/search?q=python+tutorial,benign
www.bing.com/search?q=python+tutorial,benign
duckduckgo.com/?q=python+tutorial,benign
www.google.com/search?q=weather+today,benign
www.bing.com/search?q=weather+today,benign
duckduckgo.com/?q=weather+today,benign
www.google.com/search?q=best+laptops+2026,benign
www.bing.com/search?q=best+laptops+2026,benign
duckduckgo.com/?q=best+laptops+2026,benign
www.google.com/search?q=recipe+pasta,benign
www.bing.com/search?q=recipe+pasta,benign
duckduckgo.com/?q=recipe+pasta,benign
www.google.com/search?q=news,benign
www.bing.com/search?q=news,benign
duckduckgo.com/?q=news,benign
www.google.com/search?q=movie+times,benign
www.bing.com/search?q=movie+times,benign
duckduckgo.com/?q=movie+times,benign
www.google.com/search?q=flight+status,benign
www.bing.com/search?q=flight+status,benign
duckduckgo.com/?q=flight+status,benign
www.google.com/search?q=cheap+flights,benign
www.bing.com/search?q=cheap+flights,benign
duckduckgo.com/?q=cheap+flights,benign
www.google.com/search?q=nba+scores,benign
www.bing.com/search?q=nba+scores,benign
duckduckgo.com/?q=nba+scores,benign
www.google.com/search?q=stock+market,benign
www.bing.com/search?q=stock+market,benign
duckduckgo.com/?q=stock+market,benign
www.google.com/search?q=machine+learning,benign
www.bing.com/search?q=machine+learning,benign
duckduckgo.com/?q=machine+learning,benign
www.google.com/search?q=javascript+array+methods,benign
www.bing.com/search?q=javascript+array+methods,benign
duckduckgo.com/?q=javascript+array+methods,benign
www.google.com/search?q=gym+near+me,benign
www.bing.com/search?q=gym+near+me,benign
duckduckgo.com/?q=gym+near+me,benign
www.youtube.com/watch?v=dQw4w9WgXcQ,benign
www.youtube.com/watch?v=dQw4w9WgXcQ&t=42s,benign
www.youtube.com/watch?v=jNQXAC9IVRw,benign
www.youtube.com/watch?v=jNQXAC9IVRw&t=42s,benign
www.youtube.com/watch?v=kJQP7kiw5Fk,benign
www.youtube.com/watch?v=kJQP7kiw5Fk&t=42s,benign
www.youtube.com/watch?v=9bZkp7q19f0,benign
www.youtube.com/watch?v=9bZkp7q19f0&t=42s,benign
www.amazon.com/dp/B08N5WRWNW,benign
www.amazon.com/gp/product/B08N5WRWNW?ref=sr_1_1,benign
www.amazon.com/dp/B07XJ8C8F5,benign
www.amazon.com/gp/product/B07XJ8C8F5?ref=sr_1_1,benign
www.amazon.com/dp/B09G9FPHY6,benign
www.amazon.com/gp/product/B09G9FPHY6?ref=sr_1_1,benign
twitter.com/johndoe,benign
www.instagram.com/johndoe/?hl=en,benign
github.com/johndoe?tab=repositories,benign
twitter.com/jane_smith,benign
www.instagram.com/jane_smith/?hl=en,benign
github.com/jane_smith?tab=repositories,benign
twitter.com/techguru,benign
www.instagram.com/techguru/?hl=en,benign
github.com/techguru?tab=repositories,benign
twitter.com/alice92,benign
www.instagram.com/alice92/?hl=en,benign
github.com/alice92?tab=repositories,benign
en.wikipedia.org/wiki/Machine_learning,benign
es.wikipedia.org/wiki/Machine_learning,benign
fr.wikipedia.org/wiki/Machine_learning,benign
de.wikipedia.org/wiki/Machine_learning,benign
hi.wikipedia.org/wiki/Machine_learning,benign
en.wikipedia.org/wiki/Python_(programming_language),benign
es.wikipedia.org/wiki/Python_(programming_language),benign
fr.wikipedia.org/wiki/Python_(programming_language),benign
de.wikipedia.org/wiki/Python_(programming_language),benign
hi.wikipedia.org/wiki/Python_(programming_language),benign
en.wikipedia.org/wiki/Climate_change,benign
es.wikipedia.org/wiki/Climate_change,benign
fr.wikipedia.org/wiki/Climate_change,benign
de.wikipedia.org/wiki/Climate_change,benign
hi.wikipedia.org/wiki/Climate_change,benign
www.linkedin.com/in/johndoe/?originalSubdomain=us,benign
maps.google.com/maps?q=central+park+new+york,benign
www.reddit.com/r/programming/comments/abc123/interesting_post/,benign
stackoverflow.com/questions/12345678/how-to-parse-json-in-python,benign
docs.google.com/document/d/1a2b3c4d5e6f/edit?usp=sharing,benign
drive.google.com/file/d/1a2b3c4d5e6f/view?usp=sharing,benign
www.nytimes.com/2026/09/01/technology/ai-news.html?smid=url-share,benign
weather.com/weather/today/l/USNY0996?par=google,benign
www.booking.com/hotel/us/example.html?checkin=2026-10-01&checkout=2026-10-05,benign
www.airbnb.com/rooms/12345678?check_in=2026-10-01&check_out=2026-10-05,benign
www.google.com/search?q=python+tutorial&utm_source=newsletter,benign
www.bing.com/search?q=python+tutorial&utm_source=newsletter,benign
duckduckgo.com/?q=python+tutorial&utm_source=newsletter,benign
www.google.com/search?q=weather+today&utm_source=newsletter,benign
www.bing.com/search?q=weather+today&utm_source=newsletter,benign
duckduckgo.com/?q=weather+today&utm_source=newsletter,benign
www.google.com/search?q=best+laptops+2026&utm_source=newsletter,benign
www.bing.com/search?q=best+laptops+2026&utm_source=newsletter,benign
duckduckgo.com/?q=best+laptops+2026&utm_source=newsletter,benign
www.google.com/search?q=recipe+pasta&utm_source=newsletter,benign
www.bing.com/search?q=recipe+pasta&utm_source=newsletter,benign
duckduckgo.com/?q=recipe+pasta&utm_source=newsletter,benign
www.google.com/search?q=news&utm_source=newsletter,benign
www.bing.com/search?q=news&utm_source=newsletter,benign
duckduckgo.com/?q=news&utm_source=newsletter,benign
www.google.com/search?q=movie+times&utm_source=newsletter,benign
www.bing.com/search?q=movie+times&utm_source=newsletter,benign
duckduckgo.com/?q=movie+times&utm_source=newsletter,benign
www.google.com/search?q=flight+status&utm_source=newsletter,benign
www.bing.com/search?q=flight+status&utm_source=newsletter,benign
duckduckgo.com/?q=flight+status&utm_source=newsletter,benign
www.google.com/search?q=cheap+flights&utm_source=newsletter,benign
www.bing.com/search?q=cheap+flights&utm_source=newsletter,benign
duckduckgo.com/?q=cheap+flights&utm_source=newsletter,benign
www.google.com/search?q=nba+scores&utm_source=newsletter,benign
www.bing.com/search?q=nba+scores&utm_source=newsletter,benign
duckduckgo.com/?q=nba+scores&utm_source=newsletter,benign
www.google.com/search?q=stock+market&utm_source=newsletter,benign
www.bing.com/search?q=stock+market&utm_source=newsletter,benign
duckduckgo.com/?q=stock+market&utm_source=newsletter,benign
www.google.com/search?q=machine+learning&utm_source=newsletter,benign
www.bing.com/search?q=machine+learning&utm_source=newsletter,benign
duckduckgo.com/?q=machine+learning&utm_source=newsletter,benign
www.google.com/search?q=javascript+array+methods&utm_source=newsletter,benign
www.bing.com/search?q=javascript+array+methods&utm_source=newsletter,benign
duckduckgo.com/?q=javascript+array+methods&utm_source=newsletter,benign
www.google.com/search?q=gym+near+me&utm_source=newsletter,benign
www.bing.com/search?q=gym+near+me&utm_source=newsletter,benign
duckduckgo.com/?q=gym+near+me&utm_source=newsletter,benign
www.youtube.com/watch?v=dQw4w9WgXcQ&utm_source=newsletter,benign
www.youtube.com/watch?v=dQw4w9WgXcQ&t=42s&utm_source=newsletter,benign
www.youtube.com/watch?v=jNQXAC9IVRw&utm_source=newsletter,benign
www.youtube.com/watch?v=jNQXAC9IVRw&t=42s&utm_source=newsletter,benign
www.youtube.com/watch?v=kJQP7kiw5Fk&utm_source=newsletter,benign
www.youtube.com/watch?v=kJQP7kiw5Fk&t=42s&utm_source=newsletter,benign
www.youtube.com/watch?v=9bZkp7q19f0&utm_source=newsletter,benign
www.youtube.com/watch?v=9bZkp7q19f0&t=42s&utm_source=newsletter,benign
www.amazon.com/gp/product/B08N5WRWNW?ref=sr_1_1&utm_source=newsletter,benign
www.amazon.com/gp/product/B07XJ8C8F5?ref=sr_1_1&utm_source=newsletter,benign
www.amazon.com/gp/product/B09G9FPHY6?ref=sr_1_1&utm_source=newsletter,benign
www.instagram.com/johndoe/?hl=en&utm_source=newsletter,benign
github.com/johndoe?tab=repositories&utm_source=newsletter,benign
www.instagram.com/jane_smith/?hl=en&utm_source=newsletter,benign
github.com/jane_smith?tab=repositories&utm_source=newsletter,benign
www.instagram.com/techguru/?hl=en&utm_source=newsletter,benign
github.com/techguru?tab=repositories&utm_source=newsletter,benign
www.instagram.com/alice92/?hl=en&utm_source=newsletter,benign
github.com/alice92?tab=repositories&utm_source=newsletter,benign
www.linkedin.com/in/johndoe/?originalSubdomain=us&utm_source=newsletter,benign
maps.google.com/maps?q=central+park+new+york&utm_source=newsletter,benign
docs.google.com/document/d/1a2b3c4d5e6f/edit?usp=sharing&utm_source=newsletter,benign
drive.google.com/file/d/1a2b3c4d5e6f/view?usp=sharing&utm_source=newsletter,benign
www.nytimes.com/2026/09/01/technology/ai-news.html?smid=url-share&utm_source=newsletter,benign
weather.com/weather/today/l/USNY0996?par=google&utm_source=newsletter,benign
www.booking.com/hotel/us/example.html?checkin=2026-10-01&checkout=2026-10-05&utm_source=newsletter,benign
www.airbnb.com/rooms/12345678?check_in=2026-10-01&check_out=2026-10-05&utm_source=newsletter,benign
